Año,Trimestre,Provincia,Accesos por cada 100 hab,Accesos por cada 100 hogares,ADSL,Cablemodem,Fibra óptica,Wireless,Otros,Total,Periodo,HASTA 512 kbps,+ 512 Kbps - 1 Mbps,+ 1 Mbps - 6 Mbps,+ 6 Mbps - 10 Mbps,+ 10 Mbps - 20 Mbps,+ 20 Mbps - 30 Mbps,+ 30 Mbps,OTROS,Ingresos (miles de pesos)
2023,4,Buenos Aires,27.68,,,,,,,,,,,,,,,,,
2023,4,Capital Federal,47.8,,,,,,,,,,,,,,,,,
2023,4,Catamarca,17.46,,,,,,,,,,,,,,,,,
2023,4,Chaco,11.85,,,,,,,,,,,,,,,,,
2023,4,Chubut,26.04,,,,,,,,,,,,,,,,,
2023,4,Córdoba,27.76,,,,,,,,,,,,,,,,,
2023,4,Corrientes,13.84,,,,,,,,,,,,,,,,,
2023,4,Entre Ríos,20.91,,,,,,,,,,,,,,,,,
2023,4,Formosa,9.98,,,,,,,,,,,,,,,,,
2023,4,Jujuy,14.77,,,,,,,,,,,,,,,,,
2023,4,La Pampa,32.93,,,,,,,,,,,,,,,,,
2023,4,La Rioja,21.35,,,,,,,,,,,,,,,,,
2023,4,Mendoza,14.55,,,,,,,,,,,,,,,,,
2023,4,Misiones,15.33,,,,,,,,,,,,,,,,,
2023,4,Neuquén,23.78,,,,,,,,,,,,,,,,,
2023,4,Río Negro,21.61,,,,,,,,,,,,,,,,,
2023,4,Salta,13.8,,,,,,,,,,,,,,,,,
2023,4,San Juan,12.75,,,,,,,,,,,,,,,,,
2023,4,San Luis,29.21,,,,,,,,,,,,,,,,,
2023,4,Santa Cruz,21.94,,,,,,,,,,,,,,,,,
2023,4,Santa Fe,25.08,,,,,,,,,,,,,,,,,
2023,4,Santiago Del Estero,12.18,,,,,,,,,,,,,,,,,
2023,4,Tierra Del Fuego,32.75,,,,,,,,,,,,,,,,,
2023,4,Tucumán,15.12,,,,,,,,,,,,,,,,,
2023,3,Buenos Aires,27.5,,,,,,,,,,,,,,,,,
2023,3,Capital Federal,47.6,,,,,,,,,,,,,,,,,
2023,3,Catamarca,17.44,,,,,,,,,,,,,,,,,
2023,3,Chaco,11.46,,,,,,,,,,,,,,,,,
2023,3,Chubut,25.82,,,,,,,,,,,,,,,,,
2023,3,Córdoba,27.57,,,,,,,,,,,,,,,,,
2023,3,Corrientes,13.9,,,,,,,,,,,,,,,,,
2023,3,Entre Ríos,20.58,,,,,,,,,,,,,,,,,
2023,3,Formosa,9.89,,,,,,,,,,,,,,,,,
2023,3,Jujuy,14.73,,,,,,,,,,,,,,,,,
2023,3,La Pampa,32.62,,,,,,,,,,,,,,,,,
2023,3,La Rioja,21.41,,,,,,,,,,,,,,,,,
2023,3,Mendoza,14.52,,,,,,,,,,,,,,,,,
2023,3,Misiones,15.12,,,,,,,,,,,,,,,,,
2023,3,Neuquén,23.8,,,,,,,,,,,,,,,,,
2023,3,Río Negro,21.04,,,,,,,,,,,,,,,,,
2023,3,Salta,13.94,,,,,,,,,,,,,,,,,
2023,3,San Juan,12.85,,,,,,,,,,,,,,,,,
2023,3,San Luis,28.2,,,,,,,,,,,,,,,,,
2023,3,Santa Cruz,12.17,,,,,,,,,,,,,,,,,
2023,3,Santa Fe,24.87,,,,,,,,,,,,,,,,,
2023,3,Santiago Del Estero,12.08,,,,,,,,,,,,,,,,,
2023,3,Tierra Del Fuego,31.41,,,,,,,,,,,,,,,,,
2023,3,Tucumán,15.17,,,,,,,,,,,,,,,,,
2023,2,Buenos Aires,27.1,,,,,,,,,,,,,,,,,
2023,2,Capital Federal,47.27,,,,,,,,,,,,,,,,,
2023,2,Catamarca,17.15,,,,,,,,,,,,,,,,,
2023,2,Chaco,11.46,,,,,,,,,,,,,,,,,
2023,2,Chubut,25.28,,,,,,,,,,,,,,,,,
2023,2,Córdoba,27.59,,,,,,,,,,,,,,,,,
2023,2,Corrientes,13.79,,,,,,,,,,,,,,,,,
2023,2,Entre Ríos,19.26,,,,,,,,,,,,,,,,,
2023,2,Formosa,9.75,,,,,,,,,,,,,,,,,
2023,2,Jujuy,14.78,,,,,,,,,,,,,,,,,
2023,2,La Pampa,32.4,,,,,,,,,,,,,,,,,
2023,2,La Rioja,21.3,,,,,,,,,,,,,,,,,
2023,2,Mendoza,14.54,,,,,,,,,,,,,,,,,
2023,2,Misiones,15.03,,,,,,,,,,,,,,,,,
2023,2,Neuquén,23.5,,,,,,,,,,,,,,,,,
2023,2,Río Negro,21.09,,,,,,,,,,,,,,,,,
2023,2,Salta,13.92,,,,,,,,,,,,,,,,,
2023,2,San Juan,12.1,,,,,,,,,,,,,,,,,
2023,2,San Luis,26.73,,,,,,,,,,,,,,,,,
2023,2,Santa Cruz,12.39,,,,,,,,,,,,,,,,,
2023,2,Santa Fe,24.79,,,,,,,,,,,,,,,,,
2023,2,Santiago Del Estero,11.7,,,,,,,,,,,,,,,,,
2023,2,Tierra Del Fuego,31.54,,,,,,,,,,,,,,,,,
2023,2,Tucumán,15.05,,,,,,,,,,,,,,,,,
2023,1,Buenos Aires,26.81,,,,,,,,,,,,,,,,,
2023,1,Capital Federal,50.23,,,,,,,,,,,,,,,,,
2023,1,Catamarca,16.83,,,,,,,,,,,,,,,,,
2023,1,Chaco,11.53,,,,,,,,,,,,,,,,,
2023,1,Chubut,26.32,,,,,,,,,,,,,,,,,
2023,1,Córdoba,27.2,,,,,,,,,,,,,,,,,
2023,1,Corrientes,13.71,,,,,,,,,,,,,,,,,
2023,1,Entre Ríos,19.37,,,,,,,,,,,,,,,,,
2023,1,Formosa,9.87,,,,,,,,,,,,,,,,,
2023,1,Jujuy,14.88,,,,,,,,,,,,,,,,,
2023,1,La Pampa,31.81,,,,,,,,,,,,,,,,,
2023,1,La Rioja,21.23,,,,,,,,,,,,,,,,,
2023,1,Mendoza,14.34,,,,,,,,,,,,,,,,,
2023,1,Misiones,14.7,,,,,,,,,,,,,,,,,
2023,1,Neuquén,23.38,,,,,,,,,,,,,,,,,
2023,1,Río Negro,21.27,,,,,,,,,,,,,,,,,
2023,1,Salta,13.97,,,,,,,,,,,,,,,,,
2023,1,San Juan,12.67,,,,,,,,,,,,,,,,,
2023,1,San Luis,25.8,,,,,,,,,,,,,,,,,
2023,1,Santa Cruz,12.92,,,,,,,,,,,,,,,,,
2023,1,Santa Fe,24.57,,,,,,,,,,,,,,,,,
2023,1,Santiago Del Estero,11.8,,,,,,,,,,,,,,,,,
2023,1,Tierra Del Fuego,30.9,,,,,,,,,,,,,,,,,
2023,1,Tucumán,14.95,,,,,,,,,,,,,,,,,
2022,4,Buenos Aires,26.72,,,,,,,,,,,,,,,,,
2022,4,Capital Federal,50.35,,,,,,,,,,,,,,,,,
2022,4,Catamarca,16.73,,,,,,,,,,,,,,,,,
2022,4,Chaco,11.66,,,,,,,,,,,,,,,,,
2022,4,Chubut,26.23,,,,,,,,,,,,,,,,,
2022,4,Córdoba,27.26,,,,,,,,,,,,,,,,,
2022,4,Corrientes,13.6,,,,,,,,,,,,,,,,,
2022,4,Entre Ríos,19.14,,,,,,,,,,,,,,,,,
2022,4,Formosa,10.03,,,,,,,,,,,,,,,,,
2022,4,Jujuy,14.95,,,,,,,,,,,,,,,,,
2022,4,La Pampa,31.23,,,,,,,,,,,,,,,,,
2022,4,La Rioja,21.26,,,,,,,,,,,,,,,,,
2022,4,Mendoza,14.33,,,,,,,,,,,,,,,,,
2022,4,Misiones,14.39,,,,,,,,,,,,,,,,,
2022,4,Neuquén,23.41,,,,,,,,,,,,,,,,,
2022,4,Río Negro,21.04,,,,,,,,,,,,,,,,,
2022,4,Salta,14.04,,,,,,,,,,,,,,,,,
2022,4,San Juan,12.96,,,,,,,,,,,,,,,,,
2022,4,San Luis,25.83,,,,,,,,,,,,,,,,,
2022,4,Santa Cruz,12.95,,,,,,,,,,,,,,,,,
2022,4,Santa Fe,24.65,,,,,,,,,,,,,,,,,
2022,4,Santiago Del Estero,11.92,,,,,,,,,,,,,,,,,
2022,4,Tierra Del Fuego,30.07,,,,,,,,,,,,,,,,,
2022,4,Tucumán,15.12,,,,,,,,,,,,,,,,,
2022,3,Buenos Aires,26.37,,,,,,,,,,,,,,,,,
2022,3,Capital Federal,50.22,,,,,,,,,,,,,,,,,
2022,3,Catamarca,16.62,,,,,,,,,,,,,,,,,
2022,3,Chaco,11.72,,,,,,,,,,,,,,,,,
2022,3,Chubut,25.86,,,,,,,,,,,,,,,,,
2022,3,Córdoba,27.04,,,,,,,,,,,,,,,,,
2022,3,Corrientes,12.69,,,,,,,,,,,,,,,,,
2022,3,Entre Ríos,19.04,,,,,,,,,,,,,,,,,
2022,3,Formosa,11.14,,,,,,,,,,,,,,,,,
2022,3,Jujuy,15.06,,,,,,,,,,,,,,,,,
2022,3,La Pampa,31.82,,,,,,,,,,,,,,,,,
2022,3,La Rioja,21.47,,,,,,,,,,,,,,,,,
2022,3,Mendoza,14.24,,,,,,,,,,,,,,,,,
2022,3,Misiones,14.11,,,,,,,,,,,,,,,,,
2022,3,Neuquén,23.92,,,,,,,,,,,,,,,,,
2022,3,Río Negro,20.91,,,,,,,,,,,,,,,,,
2022,3,Salta,13.99,,,,,,,,,,,,,,,,,
2022,3,San Juan,12.94,,,,,,,,,,,,,,,,,
2022,3,San Luis,23.39,,,,,,,,,,,,,,,,,
2022,3,Santa Cruz,12.85,,,,,,,,,,,,,,,,,
2022,3,Santa Fe,24.7,,,,,,,,,,,,,,,,,
2022,3,Santiago Del Estero,11.91,,,,,,,,,,,,,,,,,
2022,3,Tierra Del Fuego,29.5,,,,,,,,,,,,,,,,,
2022,3,Tucumán,15.14,,,,,,,,,,,,,,,,,
2022,2,Buenos Aires,26.12927127832741,,,,,,,,,,,,,,,,,
2022,2,Capital Federal,49.873561256261084,,,,,,,,,,,,,,,,,
2022,2,Catamarca,15.871790195247085,,,,,,,,,,,,,,,,,
2022,2,Chaco,11.70254390369554,,,,,,,,,,,,,,,,,
2022,2,Chubut,25.499919336270644,,,,,,,,,,,,,,,,,
2022,2,Córdoba,26.781590841133493,,,,,,,,,,,,,,,,,
2022,2,Corrientes,12.732146965383649,,,,,,,,,,,,,,,,,
2022,2,Entre Ríos,19.10468595065942,,,,,,,,,,,,,,,,,
2022,2,Formosa,11.049814591140093,,,,,,,,,,,,,,,,,
2022,2,Jujuy,14.656913524540677,,,,,,,,,,,,,,,,,
2022,2,La Pampa,30.632721559665786,,,,,,,,,,,,,,,,,
2022,2,La Rioja,21.331409216914373,,,,,,,,,,,,,,,,,
2022,2,Mendoza,13.782233784570575,,,,,,,,,,,,,,,,,
2022,2,Misiones,13.89002818196789,,,,,,,,,,,,,,,,,
2022,2,Neuquén,23.81745752817118,,,,,,,,,,,,,,,,,
2022,2,Río Negro,20.867543527383393,,,,,,,,,,,,,,,,,
2022,2,Salta,13.936010557448652,,,,,,,,,,,,,,,,,
2022,2,San Juan,12.597912455631214,,,,,,,,,,,,,,,,,
2022,2,San Luis,23.396972678771853,,,,,,,,,,,,,,,,,
2022,2,Santa Cruz,12.83962283852644,,,,,,,,,,,,,,,,,
2022,2,Santa Fe,24.495906799164608,,,,,,,,,,,,,,,,,
2022,2,Santiago Del Estero,11.836737968128928,,,,,,,,,,,,,,,,,
2022,2,Tierra Del Fuego,29.60495526496903,,,,,,,,,,,,,,,,,
2022,2,Tucumán,14.6914572899128,,,,,,,,,,,,,,,,,
2022,1,Buenos Aires,25.563030152028354,,,,,,,,,,,,,,,,,
2022,1,Capital Federal,46.01434762144353,,,,,,,,,,,,,,,,,
2022,1,Catamarca,14.805619574995312,,,,,,,,,,,,,,,,,
2022,1,Chaco,11.775342040436145,,,,,,,,,,,,,,,,,
2022,1,Chubut,26.988759663104396,,,,,,,,,,,,,,,,,
2022,1,Córdoba,26.255262218351167,,,,,,,,,,,,,,,,,
2022,1,Corrientes,12.545281287312793,,,,,,,,,,,,,,,,,
2022,1,Entre Ríos,19.04540527092108,,,,,,,,,,,,,,,,,
2022,1,Formosa,8.896427435598431,,,,,,,,,,,,,,,,,
2022,1,Jujuy,14.847641828629394,,,,,,,,,,,,,,,,,
2022,1,La Pampa,30.200415031402574,,,,,,,,,,,,,,,,,
2022,1,La Rioja,20.96917417226944,,,,,,,,,,,,,,,,,
2022,1,Mendoza,13.5994765497552,,,,,,,,,,,,,,,,,
2022,1,Misiones,13.357539336702546,,,,,,,,,,,,,,,,,
2022,1,Neuquén,22.07746042609429,,,,,,,,,,,,,,,,,
2022,1,Río Negro,20.61822984084394,,,,,,,,,,,,,,,,,
2022,1,Salta,13.588166053353753,,,,,,,,,,,,,,,,,
2022,1,San Juan,11.092116468606637,,,,,,,,,,,,,,,,,
2022,1,San Luis,23.101656231687382,,,,,,,,,,,,,,,,,
2022,1,Santa Cruz,12.894297328809571,,,,,,,,,,,,,,,,,
2022,1,Santa Fe,24.307396998934415,,,,,,,,,,,,,,,,,
2022,1,Santiago Del Estero,11.706882132029497,,,,,,,,,,,,,,,,,
2022,1,Tierra Del Fuego,29.13865104068589,,,,,,,,,,,,,,,,,
2022,1,Tucumán,14.215533334298076,,,,,,,,,,,,,,,,,
2021,4,Buenos Aires,25.36251411440295,,,,,,,,,,,,,,,,,
2021,4,Capital Federal,45.848510714562856,,,,,,,,,,,,,,,,,
2021,4,Catamarca,14.054223759225387,,,,,,,,,,,,,,,,,
2021,4,Chaco,11.772399458164147,,,,,,,,,,,,,,,,,
2021,4,Chubut,25.309325144656967,,,,,,,,,,,,,,,,,
2021,4,Córdoba,25.873153715537683,,,,,,,,,,,,,,,,,
2021,4,Corrientes,11.983198552620907,,,,,,,,,,,,,,,,,
2021,4,Entre Ríos,18.88227767661483,,,,,,,,,,,,,,,,,
2021,4,Formosa,8.768865242200624,,,,,,,,,,,,,,,,,
2021,4,Jujuy,14.555241944242491,,,,,,,,,,,,,,,,,
2021,4,La Pampa,29.509892061530994,,,,,,,,,,,,,,,,,
2021,4,La Rioja,20.742382050283958,,,,,,,,,,,,,,,,,
2021,4,Mendoza,13.25625900699059,,,,,,,,,,,,,,,,,
2021,4,Misiones,13.363319043268442,,,,,,,,,,,,,,,,,
2021,4,Neuquén,21.817563119077384,,,,,,,,,,,,,,,,,
2021,4,Río Negro,20.205613568445425,,,,,,,,,,,,,,,,,
2021,4,Salta,13.759337691497715,,,,,,,,,,,,,,,,,
2021,4,San Juan,10.084133235970333,,,,,,,,,,,,,,,,,
2021,4,San Luis,22.97895624197615,,,,,,,,,,,,,,,,,
2021,4,Santa Cruz,12.808821353847454,,,,,,,,,,,,,,,,,
2021,4,Santa Fe,24.23965799751964,,,,,,,,,,,,,,,,,
2021,4,Santiago Del Estero,11.675440470480114,,,,,,,,,,,,,,,,,
2021,4,Tierra Del Fuego,29.171007839182543,,,,,,,,,,,,,,,,,
2021,4,Tucumán,13.852880446424063,,,,,,,,,,,,,,,,,
2021,3,Buenos Aires,23.96989190399953,,,,,,,,,,,,,,,,,
2021,3,Capital Federal,45.90038346526859,,,,,,,,,,,,,,,,,
2021,3,Catamarca,13.407472376612356,,,,,,,,,,,,,,,,,
2021,3,Chaco,11.48213456009956,,,,,,,,,,,,,,,,,
2021,3,Chubut,24.738375502880167,,,,,,,,,,,,,,,,,
2021,3,Córdoba,24.885957628675673,,,,,,,,,,,,,,,,,
2021,3,Corrientes,11.8228555121759,,,,,,,,,,,,,,,,,
2021,3,Entre Ríos,18.590565595869126,,,,,,,,,,,,,,,,,
2021,3,Formosa,8.643582187295351,,,,,,,,,,,,,,,,,
2021,3,Jujuy,14.240381868423986,,,,,,,,,,,,,,,,,
2021,3,La Pampa,27.767891191051227,,,,,,,,,,,,,,,,,
2021,3,La Rioja,20.565964530219404,,,,,,,,,,,,,,,,,
2021,3,Mendoza,12.710228113581037,,,,,,,,,,,,,,,,,
2021,3,Misiones,12.411772581325813,,,,,,,,,,,,,,,,,
2021,3,Neuquén,20.74816202113861,,,,,,,,,,,,,,,,,
2021,3,Río Negro,19.05925062746504,,,,,,,,,,,,,,,,,
2021,3,Salta,13.55352602212216,,,,,,,,,,,,,,,,,
2021,3,San Juan,10.050236642022515,,,,,,,,,,,,,,,,,
2021,3,San Luis,22.857408818789526,,,,,,,,,,,,,,,,,
2021,3,Santa Cruz,13.016254371883871,,,,,,,,,,,,,,,,,
2021,3,Santa Fe,23.58815244581783,,,,,,,,,,,,,,,,,
2021,3,Santiago Del Estero,11.660736690891678,,,,,,,,,,,,,,,,,
2021,3,Tierra Del Fuego,28.150170112829368,,,,,,,,,,,,,,,,,
2021,3,Tucumán,13.533446775711843,,,,,,,,,,,,,,,,,
2021,2,Buenos Aires,23.35247372787298,,,,,,,,,,,,,,,,,
2021,2,Capital Federal,45.48719048129489,,,,,,,,,,,,,,,,,
2021,2,Catamarca,13.313748671467298,,,,,,,,,,,,,,,,,
2021,2,Chaco,11.580041340539402,,,,,,,,,,,,,,,,,
2021,2,Chubut,22.159781771420207,,,,,,,,,,,,,,,,,
2021,2,Córdoba,24.528406291253745,,,,,,,,,,,,,,,,,
2021,2,Corrientes,11.465064580129559,,,,,,,,,,,,,,,,,
2021,2,Entre Ríos,18.435680632917915,,,,,,,,,,,,,,,,,
2021,2,Formosa,8.456293049570467,,,,,,,,,,,,,,,,,
2021,2,Jujuy,14.366784069218694,,,,,,,,,,,,,,,,,
2021,2,La Pampa,27.043558440191944,,,,,,,,,,,,,,,,,
2021,2,La Rioja,20.49158509575061,,,,,,,,,,,,,,,,,
2021,2,Mendoza,11.433847066800618,,,,,,,,,,,,,,,,,
2021,2,Misiones,12.26014659485293,,,,,,,,,,,,,,,,,
2021,2,Neuquén,20.58023612564588,,,,,,,,,,,,,,,,,
2021,2,Río Negro,19.052051860128394,,,,,,,,,,,,,,,,,
2021,2,Salta,13.303441391384512,,,,,,,,,,,,,,,,,
2021,2,San Juan,10.00671906693712,,,,,,,,,,,,,,,,,
2021,2,San Luis,23.89055527674358,,,,,,,,,,,,,,,,,
2021,2,Santa Cruz,13.096756425784957,,,,,,,,,,,,,,,,,
2021,2,Santa Fe,23.60478745301367,,,,,,,,,,,,,,,,,
2021,2,Santiago Del Estero,11.554388875216853,,,,,,,,,,,,,,,,,
2021,2,Tierra Del Fuego,20.126647945777083,,,,,,,,,,,,,,,,,
2021,2,Tucumán,13.606163819728007,,,,,,,,,,,,,,,,,
2021,1,Buenos Aires,22.998353975762015,,,,,,,,,,,,,,,,,
2021,1,Capital Federal,44.82699016464177,,,,,,,,,,,,,,,,,
2021,1,Catamarca,12.438278918256517,,,,,,,,,,,,,,,,,
2021,1,Chaco,11.528896477487843,,,,,,,,,,,,,,,,,
2021,1,Chubut,21.147838315076264,,,,,,,,,,,,,,,,,
2021,1,Córdoba,24.061371645661506,,,,,,,,,,,,,,,,,
2021,1,Corrientes,11.234115869536096,,,,,,,,,,,,,,,,,
2021,1,Entre Ríos,18.070581721504354,,,,,,,,,,,,,,,,,
2021,1,Formosa,8.330895284429907,,,,,,,,,,,,,,,,,
2021,1,Jujuy,14.226045966500736,,,,,,,,,,,,,,,,,
2021,1,La Pampa,26.943299898725044,,,,,,,,,,,,,,,,,
2021,1,La Rioja,13.258360163449572,,,,,,,,,,,,,,,,,
2021,1,Mendoza,10.926002451479471,,,,,,,,,,,,,,,,,
2021,1,Misiones,11.758811611223322,,,,,,,,,,,,,,,,,
2021,1,Neuquén,19.895917331182986,,,,,,,,,,,,,,,,,
2021,1,Río Negro,18.724905657874665,,,,,,,,,,,,,,,,,
2021,1,Salta,13.061128426236175,,,,,,,,,,,,,,,,,
2021,1,San Juan,9.948368694803314,,,,,,,,,,,,,,,,,
2021,1,San Luis,23.24883515831701,,,,,,,,,,,,,,,,,
2021,1,Santa Cruz,12.391825403443834,,,,,,,,,,,,,,,,,
2021,1,Santa Fe,23.242382186130484,,,,,,,,,,,,,,,,,
2021,1,Santiago Del Estero,11.334871169032645,,,,,,,,,,,,,,,,,
2021,1,Tierra Del Fuego,22.9312154304354,,,,,,,,,,,,,,,,,
2021,1,Tucumán,13.57896382467824,,,,,,,,,,,,,,,,,
2020,4,Buenos Aires,22.90151153254686,,,,,,,,,,,,,,,,,
2020,4,Capital Federal,44.833968426782796,,,,,,,,,,,,,,,,,
2020,4,Catamarca,12.567459308545084,,,,,,,,,,,,,,,,,
2020,4,Chaco,11.50064617804086,,,,,,,,,,,,,,,,,
2020,4,Chubut,20.950871174621614,,,,,,,,,,,,,,,,,
2020,4,Córdoba,23.904978675681004,,,,,,,,,,,,,,,,,
2020,4,Corrientes,11.172002734788627,,,,,,,,,,,,,,,,,
2020,4,Entre Ríos,17.78197083072765,,,,,,,,,,,,,,,,,
2020,4,Formosa,8.268390853815193,,,,,,,,,,,,,,,,,
2020,4,Jujuy,13.669623117135359,,,,,,,,,,,,,,,,,
2020,4,La Pampa,26.940422171804798,,,,,,,,,,,,,,,,,
2020,4,La Rioja,13.339129511730942,,,,,,,,,,,,,,,,,
2020,4,Mendoza,10.779753857792285,,,,,,,,,,,,,,,,,
2020,4,Misiones,11.614898792582805,,,,,,,,,,,,,,,,,
2020,4,Neuquén,19.943555550895127,,,,,,,,,,,,,,,,,
2020,4,Río Negro,18.789319055171752,,,,,,,,,,,,,,,,,
2020,4,Salta,13.088389057411085,,,,,,,,,,,,,,,,,
2020,4,San Juan,9.251858120163535,,,,,,,,,,,,,,,,,
2020,4,San Luis,23.375314368474104,,,,,,,,,,,,,,,,,
2020,4,Santa Cruz,11.008682660661702,,,,,,,,,,,,,,,,,
2020,4,Santa Fe,23.136769743176906,,,,,,,,,,,,,,,,,
2020,4,Santiago Del Estero,10.857437164805166,,,,,,,,,,,,,,,,,
2020,4,Tierra Del Fuego,22.609569143137627,,,,,,,,,,,,,,,,,
2020,4,Tucumán,13.57016980842894,,,,,,,,,,,,,,,,,
2020,3,Buenos Aires,22.410088053440287,,,,,,,,,,,,,,,,,
2020,3,Capital Federal,44.62274289719256,,,,,,,,,,,,,,,,,
2020,3,Catamarca,11.995288801288368,,,,,,,,,,,,,,,,,
2020,3,Chaco,11.102767361905425,,,,,,,,,,,,,,,,,
2020,3,Chubut,20.94871530485329,,,,,,,,,,,,,,,,,
2020,3,Córdoba,23.029708353509868,,,,,,,,,,,,,,,,,
2020,3,Corrientes,10.993613616681577,,,,,,,,,,,,,,,,,
2020,3,Entre Ríos,17.398110879051448,,,,,,,,,,,,,,,,,
2020,3,Formosa,8.120337229392224,,,,,,,,,,,,,,,,,
2020,3,Jujuy,13.820037033679931,,,,,,,,,,,,,,,,,
2020,3,La Pampa,26.115702018823033,,,,,,,,,,,,,,,,,
2020,3,La Rioja,13.341312020771634,,,,,,,,,,,,,,,,,
2020,3,Mendoza,10.422355488053226,,,,,,,,,,,,,,,,,
2020,3,Misiones,11.331798537010407,,,,,,,,,,,,,,,,,
2020,3,Neuquén,19.42045929269766,,,,,,,,,,,,,,,,,
2020,3,Río Negro,17.54802558517,,,,,,,,,,,,,,,,,
2020,3,Salta,12.670239307125406,,,,,,,,,,,,,,,,,
2020,3,San Juan,9.88083251128296,,,,,,,,,,,,,,,,,
2020,3,San Luis,22.8839263803681,,,,,,,,,,,,,,,,,
2020,3,Santa Cruz,10.697207032526524,,,,,,,,,,,,,,,,,
2020,3,Santa Fe,22.677710522681583,,,,,,,,,,,,,,,,,
2020,3,Santiago Del Estero,10.76484130094044,,,,,,,,,,,,,,,,,
2020,3,Tierra Del Fuego,22.771515363810202,,,,,,,,,,,,,,,,,
2020,3,Tucumán,13.184990703555616,,,,,,,,,,,,,,,,,
2020,2,Buenos Aires,21.552858404836318,,,,,,,,,,,,,,,,,
2020,2,Capital Federal,44.15182686820503,,,,,,,,,,,,,,,,,
2020,2,Catamarca,11.556666835285702,,,,,,,,,,,,,,,,,
2020,2,Chaco,10.646198278920558,,,,,,,,,,,,,,,,,
2020,2,Chubut,17.577923412048097,,,,,,,,,,,,,,,,,
2020,2,Córdoba,22.262629768284135,,,,,,,,,,,,,,,,,
2020,2,Corrientes,10.613139950481656,,,,,,,,,,,,,,,,,
2020,2,Entre Ríos,16.90464963972206,,,,,,,,,,,,,,,,,
2020,2,Formosa,7.925539742616724,,,,,,,,,,,,,,,,,
2020,2,Jujuy,12.246000275261045,,,,,,,,,,,,,,,,,
2020,2,La Pampa,25.07384596485546,,,,,,,,,,,,,,,,,
2020,2,La Rioja,13.267548880443243,,,,,,,,,,,,,,,,,
2020,2,Mendoza,10.116652469373573,,,,,,,,,,,,,,,,,
2020,2,Misiones,11.136919674351834,,,,,,,,,,,,,,,,,
2020,2,Neuquén,19.02059866374008,,,,,,,,,,,,,,,,,
2020,2,Río Negro,17.338453751536527,,,,,,,,,,,,,,,,,
2020,2,Salta,12.492822821915325,,,,,,,,,,,,,,,,,
2020,2,San Juan,8.939786450606132,,,,,,,,,,,,,,,,,
2020,2,San Luis,22.440286647722235,,,,,,,,,,,,,,,,,
2020,2,Santa Cruz,10.650675172081195,,,,,,,,,,,,,,,,,
2020,2,Santa Fe,22.01189934872471,,,,,,,,,,,,,,,,,
2020,2,Santiago Del Estero,10.787648634906734,,,,,,,,,,,,,,,,,
2020,2,Tierra Del Fuego,22.642392447335883,,,,,,,,,,,,,,,,,
2020,2,Tucumán,12.826796661758182,,,,,,,,,,,,,,,,,
2020,1,Buenos Aires,21.208081014212762,,,,,,,,,,,,,,,,,
2020,1,Capital Federal,44.02408243452466,,,,,,,,,,,,,,,,,
2020,1,Catamarca,9.568286447482455,,,,,,,,,,,,,,,,,
2020,1,Chaco,10.018358007806318,,,,,,,,,,,,,,,,,
2020,1,Chubut,15.715139739949185,,,,,,,,,,,,,,,,,
2020,1,Córdoba,21.64232669040361,,,,,,,,,,,,,,,,,
2020,1,Corrientes,10.198192297264285,,,,,,,,,,,,,,,,,
2020,1,Entre Ríos,16.779387594256768,,,,,,,,,,,,,,,,,
2020,1,Formosa,7.693633209507935,,,,,,,,,,,,,,,,,
2020,1,Jujuy,11.934505713694248,,,,,,,,,,,,,,,,,
2020,1,La Pampa,24.96348894596364,,,,,,,,,,,,,,,,,
2020,1,La Rioja,12.337423688670192,,,,,,,,,,,,,,,,,
2020,1,Mendoza,9.248656325291032,,,,,,,,,,,,,,,,,
2020,1,Misiones,10.627621055982175,,,,,,,,,,,,,,,,,
2020,1,Neuquén,18.409872883598883,,,,,,,,,,,,,,,,,
2020,1,Río Negro,16.95263605430754,,,,,,,,,,,,,,,,,
2020,1,Salta,12.011697200976553,,,,,,,,,,,,,,,,,
2020,1,San Juan,8.251277881190129,,,,,,,,,,,,,,,,,
2020,1,San Luis,21.838769386372302,,,,,,,,,,,,,,,,,
2020,1,Santa Cruz,10.704172537298618,,,,,,,,,,,,,,,,,
2020,1,Santa Fe,21.86132458787361,,,,,,,,,,,,,,,,,
2020,1,Santiago Del Estero,10.539212166838636,,,,,,,,,,,,,,,,,
2020,1,Tierra Del Fuego,22.552553250860385,,,,,,,,,,,,,,,,,
2020,1,Tucumán,11.852464901793745,,,,,,,,,,,,,,,,,
2019,4,Buenos Aires,21.135089381908887,,,,,,,,,,,,,,,,,
2019,4,Capital Federal,44.18705360861236,,,,,,,,,,,,,,,,,
2019,4,Catamarca,9.268865071492511,,,,,,,,,,,,,,,,,
2019,4,Chaco,9.84506318966921,,,,,,,,,,,,,,,,,
2019,4,Chubut,15.677171185926401,,,,,,,,,,,,,,,,,
2019,4,Córdoba,21.57949716642836,,,,,,,,,,,,,,,,,
2019,4,Corrientes,10.208283637368018,,,,,,,,,,,,,,,,,
2019,4,Entre Ríos,17.339132629892976,,,,,,,,,,,,,,,,,
2019,4,Formosa,7.755476118924716,,,,,,,,,,,,,,,,,
2019,4,Jujuy,11.60391510228381,,,,,,,,,,,,,,,,,
2019,4,La Pampa,25.344921847620384,,,,,,,,,,,,,,,,,
2019,4,La Rioja,12.547563567459605,,,,,,,,,,,,,,,,,
2019,4,Mendoza,9.390112733918839,,,,,,,,,,,,,,,,,
2019,4,Misiones,10.837581902491847,,,,,,,,,,,,,,,,,
2019,4,Neuquén,17.668184976921886,,,,,,,,,,,,,,,,,
2019,4,Río Negro,17.13387032217983,,,,,,,,,,,,,,,,,
2019,4,Salta,12.195492805546795,,,,,,,,,,,,,,,,,
2019,4,San Juan,8.36915261267133,,,,,,,,,,,,,,,,,
2019,4,San Luis,21.441352893267833,,,,,,,,,,,,,,,,,
2019,4,Santa Cruz,10.923427797723754,,,,,,,,,,,,,,,,,
2019,4,Santa Fe,21.84835065573258,,,,,,,,,,,,,,,,,
2019,4,Santiago Del Estero,10.651974288337923,,,,,,,,,,,,,,,,,
2019,4,Tierra Del Fuego,23.627546752616215,,,,,,,,,,,,,,,,,
2019,4,Tucumán,11.803181280712074,,,,,,,,,,,,,,,,,
2019,3,Buenos Aires,22.761733615562225,,,,,,,,,,,,,,,,,
2019,3,Capital Federal,46.904770893488056,,,,,,,,,,,,,,,,,
2019,3,Catamarca,7.855954765218487,,,,,,,,,,,,,,,,,
2019,3,Chaco,9.580664387529255,,,,,,,,,,,,,,,,,
2019,3,Chubut,14.580466548718958,,,,,,,,,,,,,,,,,
2019,3,Córdoba,21.000781776953538,,,,,,,,,,,,,,,,,
2019,3,Corrientes,10.134028114178687,,,,,,,,,,,,,,,,,
2019,3,Entre Ríos,17.311661825597923,,,,,,,,,,,,,,,,,
2019,3,Formosa,7.664177713890219,,,,,,,,,,,,,,,,,
2019,3,Jujuy,11.334206981241007,,,,,,,,,,,,,,,,,
2019,3,La Pampa,25.519002705641388,,,,,,,,,,,,,,,,,
2019,3,La Rioja,12.762431790856121,,,,,,,,,,,,,,,,,
2019,3,Mendoza,11.368189016279217,,,,,,,,,,,,,,,,,
2019,3,Misiones,10.713348334458951,,,,,,,,,,,,,,,,,
2019,3,Neuquén,19.092075679641724,,,,,,,,,,,,,,,,,
2019,3,Río Negro,19.508498591229387,,,,,,,,,,,,,,,,,
2019,3,Salta,10.771854623416075,,,,,,,,,,,,,,,,,
2019,3,San Juan,9.440941485226007,,,,,,,,,,,,,,,,,
2019,3,San Luis,24.390971166174673,,,,,,,,,,,,,,,,,
2019,3,Santa Cruz,10.601555192584216,,,,,,,,,,,,,,,,,
2019,3,Santa Fe,21.656424746361633,,,,,,,,,,,,,,,,,
2019,3,Santiago Del Estero,13.725288048364083,,,,,,,,,,,,,,,,,
2019,3,Tierra Del Fuego,28.598925193212118,,,,,,,,,,,,,,,,,
2019,3,Tucumán,9.781574184382116,,,,,,,,,,,,,,,,,
2019,2,Buenos Aires,22.215789484298067,,,,,,,,,,,,,,,,,
2019,2,Capital Federal,46.08592579281094,,,,,,,,,,,,,,,,,
2019,2,Catamarca,8.173397032450584,,,,,,,,,,,,,,,,,
2019,2,Chaco,9.125011329267105,,,,,,,,,,,,,,,,,
2019,2,Chubut,14.403808727896068,,,,,,,,,,,,,,,,,
2019,2,Córdoba,20.841637242238242,,,,,,,,,,,,,,,,,
2019,2,Corrientes,10.047459019420458,,,,,,,,,,,,,,,,,
2019,2,Entre Ríos,17.185820444672466,,,,,,,,,,,,,,,,,
2019,2,Formosa,7.742195783956093,,,,,,,,,,,,,,,,,
2019,2,Jujuy,11.382934590825071,,,,,,,,,,,,,,,,,
2019,2,La Pampa,25.39783989548608,,,,,,,,,,,,,,,,,
2019,2,La Rioja,12.965645588675004,,,,,,,,,,,,,,,,,
2019,2,Mendoza,11.373356541672889,,,,,,,,,,,,,,,,,
2019,2,Misiones,10.662825595018377,,,,,,,,,,,,,,,,,
2019,2,Neuquén,18.777900805620252,,,,,,,,,,,,,,,,,
2019,2,Río Negro,18.792276756346176,,,,,,,,,,,,,,,,,
2019,2,Salta,10.146610869132008,,,,,,,,,,,,,,,,,
2019,2,San Juan,9.068540162527924,,,,,,,,,,,,,,,,,
2019,2,San Luis,23.40822663016059,,,,,,,,,,,,,,,,,
2019,2,Santa Cruz,8.584064828655885,,,,,,,,,,,,,,,,,
2019,2,Santa Fe,21.201130485144205,,,,,,,,,,,,,,,,,
2019,2,Santiago Del Estero,13.101581339388986,,,,,,,,,,,,,,,,,
2019,2,Tierra Del Fuego,28.10756382159569,,,,,,,,,,,,,,,,,
2019,2,Tucumán,9.942460440805863,,,,,,,,,,,,,,,,,
2019,1,Buenos Aires,21.64173785141924,,,,,,,,,,,,,,,,,
2019,1,Capital Federal,45.57918389943661,,,,,,,,,,,,,,,,,
2019,1,Catamarca,8.188504627374574,,,,,,,,,,,,,,,,,
2019,1,Chaco,8.722835003407456,,,,,,,,,,,,,,,,,
2019,1,Chubut,13.180368061670734,,,,,,,,,,,,,,,,,
2019,1,Córdoba,20.05952769269671,,,,,,,,,,,,,,,,,
2019,1,Corrientes,9.25199213887151,,,,,,,,,,,,,,,,,
2019,1,Entre Ríos,16.979402393290254,,,,,,,,,,,,,,,,,
2019,1,Formosa,7.55368578631946,,,,,,,,,,,,,,,,,
2019,1,Jujuy,11.867849761055307,,,,,,,,,,,,,,,,,
2019,1,La Pampa,25.157516640472675,,,,,,,,,,,,,,,,,
2019,1,La Rioja,13.359402478637785,,,,,,,,,,,,,,,,,
2019,1,Mendoza,10.508862067173826,,,,,,,,,,,,,,,,,
2019,1,Misiones,9.87579609120626,,,,,,,,,,,,,,,,,
2019,1,Neuquén,17.526490396034294,,,,,,,,,,,,,,,,,
2019,1,Río Negro,16.478122478195964,,,,,,,,,,,,,,,,,
2019,1,Salta,9.711781014403453,,,,,,,,,,,,,,,,,
2019,1,San Juan,8.108982017265918,,,,,,,,,,,,,,,,,
2019,1,San Luis,19.271779401291518,,,,,,,,,,,,,,,,,
2019,1,Santa Cruz,7.042691634453057,,,,,,,,,,,,,,,,,
2019,1,Santa Fe,21.059894917387947,,,,,,,,,,,,,,,,,
2019,1,Santiago Del Estero,9.311616280949599,,,,,,,,,,,,,,,,,
2019,1,Tierra Del Fuego,27.684925791261847,,,,,,,,,,,,,,,,,
2019,1,Tucumán,10.31263096739148,,,,,,,,,,,,,,,,,
2018,4,Buenos Aires,21.058833823398523,,,,,,,,,,,,,,,,,
2018,4,Capital Federal,45.24931394036689,,,,,,,,,,,,,,,,,
2018,4,Catamarca,8.197333541624968,,,,,,,,,,,,,,,,,
2018,4,Chaco,8.7108351925502,,,,,,,,,,,,,,,,,
2018,4,Chubut,13.061729706052178,,,,,,,,,,,,,,,,,
2018,4,Córdoba,19.92843117514227,,,,,,,,,,,,,,,,,
2018,4,Corrientes,9.102210657080787,,,,,,,,,,,,,,,,,
2018,4,Entre Ríos,16.257794035384702,,,,,,,,,,,,,,,,,
2018,4,Formosa,7.568639138457005,,,,,,,,,,,,,,,,,
2018,4,Jujuy,11.899484192418539,,,,,,,,,,,,,,,,,
2018,4,La Pampa,24.215175627605007,,,,,,,,,,,,,,,,,
2018,4,La Rioja,13.402859048246764,,,,,,,,,,,,,,,,,
2018,4,Mendoza,10.536933969997644,,,,,,,,,,,,,,,,,
2018,4,Misiones,9.38376401334208,,,,,,,,,,,,,,,,,
2018,4,Neuquén,17.58336203291432,,,,,,,,,,,,,,,,,
2018,4,Río Negro,15.952033444971306,,,,,,,,,,,,,,,,,
2018,4,Salta,9.639884990122159,,,,,,,,,,,,,,,,,
2018,4,San Juan,8.125067548299477,,,,,,,,,,,,,,,,,
2018,4,San Luis,19.332549309229275,,,,,,,,,,,,,,,,,
2018,4,Santa Cruz,7.049080016507051,,,,,,,,,,,,,,,,,
2018,4,Santa Fe,20.62373640643868,,,,,,,,,,,,,,,,,
2018,4,Santiago Del Estero,9.2821177795649,,,,,,,,,,,,,,,,,
2018,4,Tierra Del Fuego,27.748785315817887,,,,,,,,,,,,,,,,,
2018,4,Tucumán,10.344120436439566,,,,,,,,,,,,,,,,,
2018,3,Buenos Aires,20.95908740104848,,,,,,,,,,,,,,,,,
2018,3,Capital Federal,45.37709204560748,,,,,,,,,,,,,,,,,
2018,3,Catamarca,8.373046550087581,,,,,,,,,,,,,,,,,
2018,3,Chaco,8.628583509513742,,,,,,,,,,,,,,,,,
2018,3,Chubut,17.28630822939319,,,,,,,,,,,,,,,,,
2018,3,Córdoba,19.66915749676994,,,,,,,,,,,,,,,,,
2018,3,Corrientes,9.018948170247882,,,,,,,,,,,,,,,,,
2018,3,Entre Ríos,15.016208210741233,,,,,,,,,,,,,,,,,
2018,3,Formosa,7.5279498103121085,,,,,,,,,,,,,,,,,
2018,3,Jujuy,5.949165647225797,,,,,,,,,,,,,,,,,
2018,3,La Pampa,23.64056278957734,,,,,,,,,,,,,,,,,
2018,3,La Rioja,13.505484520192356,,,,,,,,,,,,,,,,,
2018,3,Mendoza,10.601969231966759,,,,,,,,,,,,,,,,,
2018,3,Misiones,8.74450949017475,,,,,,,,,,,,,,,,,
2018,3,Neuquén,18.005451709791327,,,,,,,,,,,,,,,,,
2018,3,Río Negro,15.546572458298687,,,,,,,,,,,,,,,,,
2018,3,Salta,9.549341341721156,,,,,,,,,,,,,,,,,
2018,3,San Juan,8.419357955569252,,,,,,,,,,,,,,,,,
2018,3,San Luis,14.983359875657099,,,,,,,,,,,,,,,,,
2018,3,Santa Cruz,9.738987459252597,,,,,,,,,,,,,,,,,
2018,3,Santa Fe,19.939106982732063,,,,,,,,,,,,,,,,,
2018,3,Santiago Del Estero,8.996517443513934,,,,,,,,,,,,,,,,,
2018,3,Tierra Del Fuego,27.506021696216745,,,,,,,,,,,,,,,,,
2018,3,Tucumán,10.325137534986972,,,,,,,,,,,,,,,,,
2018,2,Buenos Aires,20.374582324435124,,,,,,,,,,,,,,,,,
2018,2,Capital Federal,44.632577746788044,,,,,,,,,,,,,,,,,
2018,2,Catamarca,8.35838388395506,,,,,,,,,,,,,,,,,
2018,2,Chaco,8.353123614291734,,,,,,,,,,,,,,,,,
2018,2,Chubut,16.830485129144066,,,,,,,,,,,,,,,,,
2018,2,Córdoba,19.373198551696014,,,,,,,,,,,,,,,,,
2018,2,Corrientes,8.903247385340823,,,,,,,,,,,,,,,,,
2018,2,Entre Ríos,14.711648453505866,,,,,,,,,,,,,,,,,
2018,2,Formosa,7.4919076165093035,,,,,,,,,,,,,,,,,
2018,2,Jujuy,5.9923974768014165,,,,,,,,,,,,,,,,,
2018,2,La Pampa,23.40701065826804,,,,,,,,,,,,,,,,,
2018,2,La Rioja,13.570922884408905,,,,,,,,,,,,,,,,,
2018,2,Mendoza,10.318226443150964,,,,,,,,,,,,,,,,,
2018,2,Misiones,8.61598877251767,,,,,,,,,,,,,,,,,
2018,2,Neuquén,17.931877810369247,,,,,,,,,,,,,,,,,
2018,2,Río Negro,15.42558308937726,,,,,,,,,,,,,,,,,
2018,2,Salta,9.673102808845783,,,,,,,,,,,,,,,,,
2018,2,San Juan,8.392841711641646,,,,,,,,,,,,,,,,,
2018,2,San Luis,4.336137508962927,,,,,,,,,,,,,,,,,
2018,2,Santa Cruz,9.919588050940062,,,,,,,,,,,,,,,,,
2018,2,Santa Fe,19.675591530682105,,,,,,,,,,,,,,,,,
2018,2,Santiago Del Estero,8.750160589339375,,,,,,,,,,,,,,,,,
2018,2,Tierra Del Fuego,27.162316515991055,,,,,,,,,,,,,,,,,
2018,2,Tucumán,10.283671207148597,,,,,,,,,,,,,,,,,
2018,1,Buenos Aires,20.27965291057949,,,,,,,,,,,,,,,,,
2018,1,Capital Federal,44.562961320417855,,,,,,,,,,,,,,,,,
2018,1,Catamarca,8.342098537275874,,,,,,,,,,,,,,,,,
2018,1,Chaco,8.240328535251999,,,,,,,,,,,,,,,,,
2018,1,Chubut,16.466326556340928,,,,,,,,,,,,,,,,,
2018,1,Córdoba,19.447381073339752,,,,,,,,,,,,,,,,,
2018,1,Corrientes,8.60133260210877,,,,,,,,,,,,,,,,,
2018,1,Entre Ríos,14.555673456325385,,,,,,,,,,,,,,,,,
2018,1,Formosa,5.4480098282582645,,,,,,,,,,,,,,,,,
2018,1,Jujuy,5.912829505826147,,,,,,,,,,,,,,,,,
2018,1,La Pampa,23.64124866231016,,,,,,,,,,,,,,,,,
2018,1,La Rioja,13.694770063119927,,,,,,,,,,,,,,,,,
2018,1,Mendoza,10.345843091967911,,,,,,,,,,,,,,,,,
2018,1,Misiones,8.432278416607307,,,,,,,,,,,,,,,,,
2018,1,Neuquén,18.31283869735193,,,,,,,,,,,,,,,,,
2018,1,Río Negro,15.323567091543692,,,,,,,,,,,,,,,,,
2018,1,Salta,9.633845443846392,,,,,,,,,,,,,,,,,
2018,1,San Juan,8.306800710570991,,,,,,,,,,,,,,,,,
2018,1,San Luis,4.335615022675048,,,,,,,,,,,,,,,,,
2018,1,Santa Cruz,9.98473486255572,,,,,,,,,,,,,,,,,
2018,1,Santa Fe,19.584682368757406,,,,,,,,,,,,,,,,,
2018,1,Santiago Del Estero,8.683504190530646,,,,,,,,,,,,,,,,,
2018,1,Tierra Del Fuego,19.33152333431171,,,,,,,,,,,,,,,,,
2018,1,Tucumán,10.200177350055142,,,,,,,,,,,,,,,,,
2017,4,Buenos Aires,18.61464924835486,,,,,,,,,,,,,,,,,
2017,4,Capital Federal,51.6167209151056,,,,,,,,,,,,,,,,,
2017,4,Catamarca,7.280600419229377,,,,,,,,,,,,,,,,,
2017,4,Chaco,8.234501979468078,,,,,,,,,,,,,,,,,
2017,4,Chubut,15.77581593080522,,,,,,,,,,,,,,,,,
2017,4,Córdoba,19.390857786793124,,,,,,,,,,,,,,,,,
2017,4,Corrientes,8.562263620309615,,,,,,,,,,,,,,,,,
2017,4,Entre Ríos,14.317635180183578,,,,,,,,,,,,,,,,,
2017,4,Formosa,5.414060072151437,,,,,,,,,,,,,,,,,
2017,4,Jujuy,5.81583543877829,,,,,,,,,,,,,,,,,
2017,4,La Pampa,23.409929773918797,,,,,,,,,,,,,,,,,
2017,4,La Rioja,13.727965660359493,,,,,,,,,,,,,,,,,
2017,4,Mendoza,9.300280994440511,,,,,,,,,,,,,,,,,
2017,4,Misiones,8.482789477895514,,,,,,,,,,,,,,,,,
2017,4,Neuquén,18.2308851652642,,,,,,,,,,,,,,,,,
2017,4,Río Negro,15.187813662722721,,,,,,,,,,,,,,,,,
2017,4,Salta,9.638816535753657,,,,,,,,,,,,,,,,,
2017,4,San Juan,7.718528602820455,,,,,,,,,,,,,,,,,
2017,4,San Luis,3.0299272402737993,,,,,,,,,,,,,,,,,
2017,4,Santa Cruz,8.603821648608145,,,,,,,,,,,,,,,,,
2017,4,Santa Fe,19.405680474329014,,,,,,,,,,,,,,,,,
2017,4,Santiago Del Estero,7.228687949666727,,,,,,,,,,,,,,,,,
2017,4,Tierra Del Fuego,17.758493353028065,,,,,,,,,,,,,,,,,
2017,4,Tucumán,9.883286960651205,,,,,,,,,,,,,,,,,
2017,3,Buenos Aires,17.935870973592106,,,,,,,,,,,,,,,,,
2017,3,Capital Federal,51.2444496511116,,,,,,,,,,,,,,,,,
2017,3,Catamarca,8.265091234974188,,,,,,,,,,,,,,,,,
2017,3,Chaco,8.012103738024656,,,,,,,,,,,,,,,,,
2017,3,Chubut,14.16737183585357,,,,,,,,,,,,,,,,,
2017,3,Córdoba,19.076953915608296,,,,,,,,,,,,,,,,,
2017,3,Corrientes,8.470212670540503,,,,,,,,,,,,,,,,,
2017,3,Entre Ríos,13.741494179292031,,,,,,,,,,,,,,,,,
2017,3,Formosa,5.43429504811395,,,,,,,,,,,,,,,,,
2017,3,Jujuy,5.791142800512126,,,,,,,,,,,,,,,,,
2017,3,La Pampa,22.780807976856142,,,,,,,,,,,,,,,,,
2017,3,La Rioja,13.700651079810719,,,,,,,,,,,,,,,,,
2017,3,Mendoza,9.964323465862444,,,,,,,,,,,,,,,,,
2017,3,Misiones,8.227833589371523,,,,,,,,,,,,,,,,,
2017,3,Neuquén,18.10848135178631,,,,,,,,,,,,,,,,,
2017,3,Río Negro,14.924361907723748,,,,,,,,,,,,,,,,,
2017,3,Salta,9.649427484390076,,,,,,,,,,,,,,,,,
2017,3,San Juan,8.245115565495915,,,,,,,,,,,,,,,,,
2017,3,San Luis,4.429809174940647,,,,,,,,,,,,,,,,,
2017,3,Santa Cruz,9.907366563740627,,,,,,,,,,,,,,,,,
2017,3,Santa Fe,19.152164898849556,,,,,,,,,,,,,,,,,
2017,3,Santiago Del Estero,8.716515836151316,,,,,,,,,,,,,,,,,
2017,3,Tierra Del Fuego,19.492764396867877,,,,,,,,,,,,,,,,,
2017,3,Tucumán,9.833448455500244,,,,,,,,,,,,,,,,,
2017,2,Buenos Aires,18.104156481000473,,,,,,,,,,,,,,,,,
2017,2,Capital Federal,52.236738675121046,,,,,,,,,,,,,,,,,
2017,2,Catamarca,6.608185687419579,,,,,,,,,,,,,,,,,
2017,2,Chaco,7.763587198662014,,,,,,,,,,,,,,,,,
2017,2,Chubut,10.897114883440475,,,,,,,,,,,,,,,,,
2017,2,Córdoba,18.05661531060883,,,,,,,,,,,,,,,,,
2017,2,Corrientes,8.265165616133114,,,,,,,,,,,,,,,,,
2017,2,Entre Ríos,13.571663585663645,,,,,,,,,,,,,,,,,
2017,2,Formosa,5.0818187061685505,,,,,,,,,,,,,,,,,
2017,2,Jujuy,5.729417105648426,,,,,,,,,,,,,,,,,
2017,2,La Pampa,20.920811368324546,,,,,,,,,,,,,,,,,
2017,2,La Rioja,4.313641371128342,,,,,,,,,,,,,,,,,
2017,2,Mendoza,8.863231962926129,,,,,,,,,,,,,,,,,
2017,2,Misiones,8.196262181174568,,,,,,,,,,,,,,,,,
2017,2,Neuquén,18.43063459528346,,,,,,,,,,,,,,,,,
2017,2,Río Negro,14.1565144707972,,,,,,,,,,,,,,,,,
2017,2,Salta,7.929941866624195,,,,,,,,,,,,,,,,,
2017,2,San Juan,6.869062671706707,,,,,,,,,,,,,,,,,
2017,2,San Luis,2.7229996991951935,,,,,,,,,,,,,,,,,
2017,2,Santa Cruz,7.812000426302888,,,,,,,,,,,,,,,,,
2017,2,Santa Fe,16.436519275562326,,,,,,,,,,,,,,,,,
2017,2,Santiago Del Estero,3.5041532386183105,,,,,,,,,,,,,,,,,
2017,2,Tierra Del Fuego,20.30130511507835,,,,,,,,,,,,,,,,,
2017,2,Tucumán,9.459823731438563,,,,,,,,,,,,,,,,,
2017,1,Buenos Aires,18.804855031011677,,,,,,,,,,,,,,,,,
2017,1,Capital Federal,45.687714654171046,,,,,,,,,,,,,,,,,
2017,1,Catamarca,6.527341318167275,,,,,,,,,,,,,,,,,
2017,1,Chaco,7.65022534015797,,,,,,,,,,,,,,,,,
2017,1,Chubut,10.932503392025788,,,,,,,,,,,,,,,,,
2017,1,Córdoba,17.652242570602198,,,,,,,,,,,,,,,,,
2017,1,Corrientes,8.147787146784857,,,,,,,,,,,,,,,,,
2017,1,Entre Ríos,13.427434245008815,,,,,,,,,,,,,,,,,
2017,1,Formosa,5.050590921688212,,,,,,,,,,,,,,,,,
2017,1,Jujuy,5.81976940765058,,,,,,,,,,,,,,,,,
2017,1,La Pampa,20.649049712429974,,,,,,,,,,,,,,,,,
2017,1,La Rioja,4.311444393660782,,,,,,,,,,,,,,,,,
2017,1,Mendoza,8.886706245725367,,,,,,,,,,,,,,,,,
2017,1,Misiones,8.041713210556319,,,,,,,,,,,,,,,,,
2017,1,Neuquén,18.166254008454768,,,,,,,,,,,,,,,,,
2017,1,Río Negro,14.158945655638249,,,,,,,,,,,,,,,,,
2017,1,Salta,7.8901262912821775,,,,,,,,,,,,,,,,,
2017,1,San Juan,6.887390312005832,,,,,,,,,,,,,,,,,
2017,1,San Luis,2.7319835263877543,,,,,,,,,,,,,,,,,
2017,1,Santa Cruz,7.89382704275053,,,,,,,,,,,,,,,,,
2017,1,Santa Fe,16.34225474583628,,,,,,,,,,,,,,,,,
2017,1,Santiago Del Estero,3.6488508898009986,,,,,,,,,,,,,,,,,
2017,1,Tierra Del Fuego,20.435486705666722,,,,,,,,,,,,,,,,,
2017,1,Tucumán,9.388852799951817,,,,,,,,,,,,,,,,,
2016,4,Buenos Aires,18.578640735833826,,,,,,,,,,,,,,,,,
2016,4,Capital Federal,45.78373827727234,,,,,,,,,,,,,,,,,
2016,4,Catamarca,6.720813040873304,,,,,,,,,,,,,,,,,
2016,4,Chaco,7.653240095890541,,,,,,,,,,,,,,,,,
2016,4,Chubut,10.959254911598952,,,,,,,,,,,,,,,,,
2016,4,Córdoba,17.57129145976522,,,,,,,,,,,,,,,,,
2016,4,Corrientes,8.119896031116928,,,,,,,,,,,,,,,,,
2016,4,Entre Ríos,13.451982739190726,,,,,,,,,,,,,,,,,
2016,4,Formosa,5.02928480990009,,,,,,,,,,,,,,,,,
2016,4,Jujuy,5.758804384392255,,,,,,,,,,,,,,,,,
2016,4,La Pampa,20.670760836407798,,,,,,,,,,,,,,,,,
2016,4,La Rioja,4.350562085368715,,,,,,,,,,,,,,,,,
2016,4,Mendoza,8.910941733480245,,,,,,,,,,,,,,,,,
2016,4,Misiones,8.047024567428018,,,,,,,,,,,,,,,,,
2016,4,Neuquén,17.993247493890816,,,,,,,,,,,,,,,,,
2016,4,Río Negro,14.170250609480686,,,,,,,,,,,,,,,,,
2016,4,Salta,7.865487548426057,,,,,,,,,,,,,,,,,
2016,4,San Juan,6.913287316652287,,,,,,,,,,,,,,,,,
2016,4,San Luis,2.7410268293938924,,,,,,,,,,,,,,,,,
2016,4,Santa Cruz,7.940780215262837,,,,,,,,,,,,,,,,,
2016,4,Santa Fe,16.345011971501133,,,,,,,,,,,,,,,,,
2016,4,Santiago Del Estero,3.719720429331573,,,,,,,,,,,,,,,,,
2016,4,Tierra Del Fuego,20.57132386392357,,,,,,,,,,,,,,,,,
2016,4,Tucumán,9.349553397483637,,,,,,,,,,,,,,,,,
2016,3,Buenos Aires,18.295308597951934,,,,,,,,,,,,,,,,,
2016,3,Capital Federal,45.85472026772204,,,,,,,,,,,,,,,,,
2016,3,Catamarca,6.72059087375157,,,,,,,,,,,,,,,,,
2016,3,Chaco,7.706877803276395,,,,,,,,,,,,,,,,,
2016,3,Chubut,11.041169584989312,,,,,,,,,,,,,,,,,
2016,3,Córdoba,17.78550480431242,,,,,,,,,,,,,,,,,
2016,3,Corrientes,8.161726730902307,,,,,,,,,,,,,,,,,
2016,3,Entre Ríos,13.552371996148606,,,,,,,,,,,,,,,,,
2016,3,Formosa,4.733748023050463,,,,,,,,,,,,,,,,,
2016,3,Jujuy,5.76400350138348,,,,,,,,,,,,,,,,,
2016,3,La Pampa,20.294829381412075,,,,,,,,,,,,,,,,,
2016,3,La Rioja,4.529887087279927,,,,,,,,,,,,,,,,,
2016,3,Mendoza,8.930444449562124,,,,,,,,,,,,,,,,,
2016,3,Misiones,8.121652823521027,,,,,,,,,,,,,,,,,
2016,3,Neuquén,17.862151015228427,,,,,,,,,,,,,,,,,
2016,3,Río Negro,14.220201565227184,,,,,,,,,,,,,,,,,
2016,3,Salta,7.955372391224448,,,,,,,,,,,,,,,,,
2016,3,San Juan,6.939188629814689,,,,,,,,,,,,,,,,,
2016,3,San Luis,2.7472425273887247,,,,,,,,,,,,,,,,,
2016,3,Santa Cruz,7.932484607529773,,,,,,,,,,,,,,,,,
2016,3,Santa Fe,16.529361932364445,,,,,,,,,,,,,,,,,
2016,3,Santiago Del Estero,3.794480871177055,,,,,,,,,,,,,,,,,
2016,3,Tierra Del Fuego,20.307103192524696,,,,,,,,,,,,,,,,,
2016,3,Tucumán,9.358616360369721,,,,,,,,,,,,,,,,,
2016,2,Buenos Aires,18.098684568289556,,,,,,,,,,,,,,,,,
2016,2,Capital Federal,45.59375712104128,,,,,,,,,,,,,,,,,
2016,2,Catamarca,6.632980570132604,,,,,,,,,,,,,,,,,
2016,2,Chaco,7.642896733294073,,,,,,,,,,,,,,,,,
2016,2,Chubut,11.074824787933132,,,,,,,,,,,,,,,,,
2016,2,Córdoba,17.620348014320207,,,,,,,,,,,,,,,,,
2016,2,Corrientes,8.053039893831306,,,,,,,,,,,,,,,,,
2016,2,Entre Ríos,13.377306134693265,,,,,,,,,,,,,,,,,
2016,2,Formosa,4.930439412017454,,,,,,,,,,,,,,,,,
2016,2,Jujuy,5.597761384701527,,,,,,,,,,,,,,,,,
2016,2,La Pampa,19.91385540427254,,,,,,,,,,,,,,,,,
2016,2,La Rioja,4.4934890589340855,,,,,,,,,,,,,,,,,
2016,2,Mendoza,8.96594364845842,,,,,,,,,,,,,,,,,
2016,2,Misiones,7.964976216879448,,,,,,,,,,,,,,,,,
2016,2,Neuquén,17.594175765043765,,,,,,,,,,,,,,,,,
2016,2,Río Negro,14.224291356155328,,,,,,,,,,,,,,,,,
2016,2,Salta,7.770812428027119,,,,,,,,,,,,,,,,,
2016,2,San Juan,6.964997582946448,,,,,,,,,,,,,,,,,
2016,2,San Luis,2.7487304539676813,,,,,,,,,,,,,,,,,
2016,2,Santa Cruz,7.955357767523354,,,,,,,,,,,,,,,,,
2016,2,Santa Fe,16.489119309020037,,,,,,,,,,,,,,,,,
2016,2,Santiago Del Estero,3.943453095409565,,,,,,,,,,,,,,,,,
2016,2,Tierra Del Fuego,20.081326844262296,,,,,,,,,,,,,,,,,
2016,2,Tucumán,9.224512334342581,,,,,,,,,,,,,,,,,
2016,1,Buenos Aires,17.53507921643952,,,,,,,,,,,,,,,,,
2016,1,Capital Federal,43.75778412718348,,,,,,,,,,,,,,,,,
2016,1,Catamarca,6.606879526910472,,,,,,,,,,,,,,,,,
2016,1,Chaco,7.524734075579937,,,,,,,,,,,,,,,,,
2016,1,Chubut,11.115931499378867,,,,,,,,,,,,,,,,,
2016,1,Córdoba,16.972666239608547,,,,,,,,,,,,,,,,,
2016,1,Corrientes,7.940601449315725,,,,,,,,,,,,,,,,,
2016,1,Entre Ríos,13.142540095674788,,,,,,,,,,,,,,,,,
2016,1,Formosa,4.858053690123639,,,,,,,,,,,,,,,,,
2016,1,Jujuy,5.491800261988138,,,,,,,,,,,,,,,,,
2016,1,La Pampa,19.101771424266833,,,,,,,,,,,,,,,,,
2016,1,La Rioja,4.4969582015400285,,,,,,,,,,,,,,,,,
2016,1,Mendoza,8.990567825336337,,,,,,,,,,,,,,,,,
2016,1,Misiones,7.751215322654614,,,,,,,,,,,,,,,,,
2016,1,Neuquén,16.65921009321782,,,,,,,,,,,,,,,,,
2016,1,Río Negro,14.14929460475045,,,,,,,,,,,,,,,,,
2016,1,Salta,7.6113150931071925,,,,,,,,,,,,,,,,,
2016,1,San Juan,6.982387580659241,,,,,,,,,,,,,,,,,
2016,1,San Luis,2.752950183918377,,,,,,,,,,,,,,,,,
2016,1,Santa Cruz,8.051419802811122,,,,,,,,,,,,,,,,,
2016,1,Santa Fe,16.157804349232396,,,,,,,,,,,,,,,,,
2016,1,Santiago Del Estero,4.032855070541266,,,,,,,,,,,,,,,,,
2016,1,Tierra Del Fuego,19.6541853628346,,,,,,,,,,,,,,,,,
2016,1,Tucumán,9.127106142747772,,,,,,,,,,,,,,,,,
2015,4,Buenos Aires,17.683348856285942,,,,,,,,,,,,,,,,,
2015,4,Capital Federal,44.832983780989366,,,,,,,,,,,,,,,,,
2015,4,Catamarca,6.643394374998431,,,,,,,,,,,,,,,,,
2015,4,Chaco,7.53670916277073,,,,,,,,,,,,,,,,,
2015,4,Chubut,11.205552103480567,,,,,,,,,,,,,,,,,
2015,4,Córdoba,17.46916799414709,,,,,,,,,,,,,,,,,
2015,4,Corrientes,7.950363156694786,,,,,,,,,,,,,,,,,
2015,4,Entre Ríos,13.123962308090587,,,,,,,,,,,,,,,,,
2015,4,Formosa,4.8305631271657905,,,,,,,,,,,,,,,,,
2015,4,Jujuy,5.458341251601313,,,,,,,,,,,,,,,,,
2015,4,La Pampa,19.272161272149656,,,,,,,,,,,,,,,,,
2015,4,La Rioja,4.577775134234902,,,,,,,,,,,,,,,,,
2015,4,Mendoza,9.015907568565332,,,,,,,,,,,,,,,,,
2015,4,Misiones,7.766317103077486,,,,,,,,,,,,,,,,,
2015,4,Neuquén,17.22630452981118,,,,,,,,,,,,,,,,,
2015,4,Río Negro,14.185024658290292,,,,,,,,,,,,,,,,,
2015,4,Salta,7.599850568087338,,,,,,,,,,,,,,,,,
2015,4,San Juan,7.007150043164227,,,,,,,,,,,,,,,,,
2015,4,San Luis,2.759291577250979,,,,,,,,,,,,,,,,,
2015,4,Santa Cruz,8.143243109871943,,,,,,,,,,,,,,,,,
2015,4,Santa Fe,16.474943169318767,,,,,,,,,,,,,,,,,
2015,4,Santiago Del Estero,4.197822731421939,,,,,,,,,,,,,,,,,
2015,4,Tierra Del Fuego,19.441920240938828,,,,,,,,,,,,,,,,,
2015,4,Tucumán,9.122607419100433,,,,,,,,,,,,,,,,,
2015,3,Buenos Aires,17.5478839831824,,,,,,,,,,,,,,,,,
2015,3,Capital Federal,44.91109222814752,,,,,,,,,,,,,,,,,
2015,3,Catamarca,6.5638473961451576,,,,,,,,,,,,,,,,,
2015,3,Chaco,7.454020298824401,,,,,,,,,,,,,,,,,
2015,3,Chubut,11.233578169758335,,,,,,,,,,,,,,,,,
2015,3,Córdoba,17.430734989025318,,,,,,,,,,,,,,,,,
2015,3,Corrientes,7.9251911359201195,,,,,,,,,,,,,,,,,
2015,3,Entre Ríos,13.027710914374044,,,,,,,,,,,,,,,,,
2015,3,Formosa,4.783639923880968,,,,,,,,,,,,,,,,,
2015,3,Jujuy,5.423454555427568,,,,,,,,,,,,,,,,,
2015,3,La Pampa,19.055588379965016,,,,,,,,,,,,,,,,,
2015,3,La Rioja,4.550079085806065,,,,,,,,,,,,,,,,,
2015,3,Mendoza,9.042401990754488,,,,,,,,,,,,,,,,,
2015,3,Misiones,7.687041384274881,,,,,,,,,,,,,,,,,
2015,3,Neuquén,16.195213031371225,,,,,,,,,,,,,,,,,
2015,3,Río Negro,14.21984560217436,,,,,,,,,,,,,,,,,
2015,3,Salta,7.525378783060509,,,,,,,,,,,,,,,,,
2015,3,San Juan,7.027462887351242,,,,,,,,,,,,,,,,,
2015,3,San Luis,2.7688118552652248,,,,,,,,,,,,,,,,,
2015,3,Santa Cruz,8.159354482038923,,,,,,,,,,,,,,,,,
2015,3,Santa Fe,16.3639671637834,,,,,,,,,,,,,,,,,
2015,3,Santiago Del Estero,4.237302719178804,,,,,,,,,,,,,,,,,
2015,3,Tierra Del Fuego,22.04802112197417,,,,,,,,,,,,,,,,,
2015,3,Tucumán,9.04046893117945,,,,,,,,,,,,,,,,,
2015,2,Buenos Aires,17.32566254457297,,,,,,,,,,,,,,,,,
2015,2,Capital Federal,44.08485428379352,,,,,,,,,,,,,,,,,
2015,2,Catamarca,6.475144864314208,,,,,,,,,,,,,,,,,
2015,2,Chaco,7.341229538625331,,,,,,,,,,,,,,,,,
2015,2,Chubut,11.215678099350221,,,,,,,,,,,,,,,,,
2015,2,Córdoba,17.106520102782877,,,,,,,,,,,,,,,,,
2015,2,Corrientes,7.790823368355694,,,,,,,,,,,,,,,,,
2015,2,Entre Ríos,12.837181261223597,,,,,,,,,,,,,,,,,
2015,2,Formosa,4.673478484721786,,,,,,,,,,,,,,,,,
2015,2,Jujuy,5.188392481356063,,,,,,,,,,,,,,,,,
2015,2,La Pampa,18.685329046975873,,,,,,,,,,,,,,,,,
2015,2,La Rioja,4.494678751214943,,,,,,,,,,,,,,,,,
2015,2,Mendoza,9.068294493026901,,,,,,,,,,,,,,,,,
2015,2,Misiones,7.4498150149300955,,,,,,,,,,,,,,,,,
2015,2,Neuquén,15.814175161962616,,,,,,,,,,,,,,,,,
2015,2,Río Negro,14.14343856592951,,,,,,,,,,,,,,,,,
2015,2,Salta,7.378443804380798,,,,,,,,,,,,,,,,,
2015,2,San Juan,7.042097078751527,,,,,,,,,,,,,,,,,
2015,2,San Luis,2.778618445940834,,,,,,,,,,,,,,,,,
2015,2,Santa Cruz,8.058063850217536,,,,,,,,,,,,,,,,,
2015,2,Santa Fe,16.093025858679276,,,,,,,,,,,,,,,,,
2015,2,Santiago Del Estero,4.2466687085071415,,,,,,,,,,,,,,,,,
2015,2,Tierra Del Fuego,22.095953780047246,,,,,,,,,,,,,,,,,
2015,2,Tucumán,8.841187690702666,,,,,,,,,,,,,,,,,
2015,1,Buenos Aires,17.241393436944044,,,,,,,,,,,,,,,,,
2015,1,Capital Federal,43.65872499007399,,,,,,,,,,,,,,,,,
2015,1,Catamarca,6.4030169907943355,,,,,,,,,,,,,,,,,
2015,1,Chaco,7.143089175357747,,,,,,,,,,,,,,,,,
2015,1,Chubut,11.585798774556789,,,,,,,,,,,,,,,,,
2015,1,Córdoba,16.79362190248589,,,,,,,,,,,,,,,,,
2015,1,Corrientes,7.642568763996284,,,,,,,,,,,,,,,,,
2015,1,Entre Ríos,12.609336086982932,,,,,,,,,,,,,,,,,
2015,1,Formosa,4.62384901660949,,,,,,,,,,,,,,,,,
2015,1,Jujuy,5.050879913471037,,,,,,,,,,,,,,,,,
2015,1,La Pampa,18.332348933631966,,,,,,,,,,,,,,,,,
2015,1,La Rioja,4.462324463144091,,,,,,,,,,,,,,,,,
2015,1,Mendoza,9.059236417534116,,,,,,,,,,,,,,,,,
2015,1,Misiones,7.1884830279667495,,,,,,,,,,,,,,,,,
2015,1,Neuquén,15.526250068921229,,,,,,,,,,,,,,,,,
2015,1,Río Negro,13.99387526238606,,,,,,,,,,,,,,,,,
2015,1,Salta,7.2946429647847415,,,,,,,,,,,,,,,,,
2015,1,San Juan,7.039582453142129,,,,,,,,,,,,,,,,,
2015,1,San Luis,2.790401457622043,,,,,,,,,,,,,,,,,
2015,1,Santa Cruz,8.391896957421542,,,,,,,,,,,,,,,,,
2015,1,Santa Fe,15.832773292036375,,,,,,,,,,,,,,,,,
2015,1,Santiago Del Estero,4.2444689547784344,,,,,,,,,,,,,,,,,
2015,1,Tierra Del Fuego,22.16715476458662,,,,,,,,,,,,,,,,,
2015,1,Tucumán,8.71860866450986,,,,,,,,,,,,,,,,,
2014,4,Buenos Aires,17.0147634301905,,,,,,,,,,,,,,,,,
2014,4,Capital Federal,43.604620676636536,,,,,,,,,,,,,,,,,
2014,4,Catamarca,6.459254980059493,,,,,,,,,,,,,,,,,
2014,4,Chaco,5.81368220415458,,,,,,,,,,,,,,,,,
2014,4,Chubut,12.22355578461917,,,,,,,,,,,,,,,,,
2014,4,Córdoba,16.655707331301695,,,,,,,,,,,,,,,,,
2014,4,Corrientes,6.174655065970425,,,,,,,,,,,,,,,,,
2014,4,Entre Ríos,10.718328095183363,,,,,,,,,,,,,,,,,
2014,4,Formosa,4.549162969289201,,,,,,,,,,,,,,,,,
2014,4,Jujuy,4.982003512117359,,,,,,,,,,,,,,,,,
2014,4,La Pampa,16.816524623987434,,,,,,,,,,,,,,,,,
2014,4,La Rioja,4.496901902725229,,,,,,,,,,,,,,,,,
2014,4,Mendoza,9.056377705209336,,,,,,,,,,,,,,,,,
2014,4,Misiones,6.540662222041546,,,,,,,,,,,,,,,,,
2014,4,Neuquén,15.52866412077054,,,,,,,,,,,,,,,,,
2014,4,Río Negro,13.889530185847859,,,,,,,,,,,,,,,,,
2014,4,Salta,7.103785883014793,,,,,,,,,,,,,,,,,
2014,4,San Juan,7.100961754619733,,,,,,,,,,,,,,,,,
2014,4,San Luis,2.7819569555272006,,,,,,,,,,,,,,,,,
2014,4,Santa Cruz,8.15757414246012,,,,,,,,,,,,,,,,,
2014,4,Santa Fe,15.657532856900755,,,,,,,,,,,,,,,,,
2014,4,Santiago Del Estero,4.26296198713424,,,,,,,,,,,,,,,,,
2014,4,Tierra Del Fuego,19.341882280727507,,,,,,,,,,,,,,,,,
2014,4,Tucumán,8.693215352295233,,,,,,,,,,,,,,,,,
2014,3,Buenos Aires,17.26299843234104,,,,,,,,,,,,,,,,,
2014,3,Capital Federal,43.20639959292724,,,,,,,,,,,,,,,,,
2014,3,Catamarca,6.269890252791938,,,,,,,,,,,,,,,,,
2014,3,Chaco,5.627757222300207,,,,,,,,,,,,,,,,,
2014,3,Chubut,12.388234071451354,,,,,,,,,,,,,,,,,
2014,3,Córdoba,16.5601374978714,,,,,,,,,,,,,,,,,
2014,3,Corrientes,5.9862826719116935,,,,,,,,,,,,,,,,,
2014,3,Entre Ríos,10.433826435850124,,,,,,,,,,,,,,,,,
2014,3,Formosa,4.5129252671268265,,,,,,,,,,,,,,,,,
2014,3,Jujuy,4.68339443034039,,,,,,,,,,,,,,,,,
2014,3,La Pampa,18.33753400191527,,,,,,,,,,,,,,,,,
2014,3,La Rioja,4.379035874747908,,,,,,,,,,,,,,,,,
2014,3,Mendoza,8.992236937014606,,,,,,,,,,,,,,,,,
2014,3,Misiones,6.399773666851879,,,,,,,,,,,,,,,,,
2014,3,Neuquén,16.726688649309313,,,,,,,,,,,,,,,,,
2014,3,Río Negro,14.159932806209634,,,,,,,,,,,,,,,,,
2014,3,Salta,7.053549273694012,,,,,,,,,,,,,,,,,
2014,3,San Juan,7.0752480415613945,,,,,,,,,,,,,,,,,
2014,3,San Luis,2.770051341285783,,,,,,,,,,,,,,,,,
2014,3,Santa Cruz,8.34323913237982,,,,,,,,,,,,,,,,,
2014,3,Santa Fe,15.437988654617879,,,,,,,,,,,,,,,,,
2014,3,Santiago Del Estero,4.082169590293595,,,,,,,,,,,,,,,,,
2014,3,Tierra Del Fuego,19.344392262780588,,,,,,,,,,,,,,,,,
2014,3,Tucumán,8.381678430058432,,,,,,,,,,,,,,,,,
2014,2,Buenos Aires,16.794925434991658,,,,,,,,,,,,,,,,,
2014,2,Capital Federal,42.974776961427445,,,,,,,,,,,,,,,,,
2014,2,Catamarca,6.284355435383139,,,,,,,,,,,,,,,,,
2014,2,Chaco,5.602127567276613,,,,,,,,,,,,,,,,,
2014,2,Chubut,12.696289361395674,,,,,,,,,,,,,,,,,
2014,2,Córdoba,16.365408420405306,,,,,,,,,,,,,,,,,
2014,2,Corrientes,5.945267054468535,,,,,,,,,,,,,,,,,
2014,2,Entre Ríos,10.372072065869386,,,,,,,,,,,,,,,,,
2014,2,Formosa,4.464869672895974,,,,,,,,,,,,,,,,,
2014,2,Jujuy,4.784095434078587,,,,,,,,,,,,,,,,,
2014,2,La Pampa,16.379048903362197,,,,,,,,,,,,,,,,,
2014,2,La Rioja,4.3933834187878436,,,,,,,,,,,,,,,,,
2014,2,Mendoza,8.95860097015214,,,,,,,,,,,,,,,,,
2014,2,Misiones,6.365807425994047,,,,,,,,,,,,,,,,,
2014,2,Neuquén,15.137568029498313,,,,,,,,,,,,,,,,,
2014,2,Río Negro,13.946569423268942,,,,,,,,,,,,,,,,,
2014,2,Salta,7.004015501526469,,,,,,,,,,,,,,,,,
2014,2,San Juan,7.077771062624967,,,,,,,,,,,,,,,,,
2014,2,San Luis,2.781512264860477,,,,,,,,,,,,,,,,,
2014,2,Santa Cruz,8.744673181156902,,,,,,,,,,,,,,,,,
2014,2,Santa Fe,15.216957428230305,,,,,,,,,,,,,,,,,
2014,2,Santiago Del Estero,4.143683147939005,,,,,,,,,,,,,,,,,
2014,2,Tierra Del Fuego,19.08631433655622,,,,,,,,,,,,,,,,,
2014,2,Tucumán,8.409488588173268,,,,,,,,,,,,,,,,,
2014,1,Buenos Aires,16.692346018019045,,,,,,,,,,,,,,,,,
2014,1,Capital Federal,42.655071630586406,,,,,,,,,,,,,,,,,
2014,1,Catamarca,6.184614520776599,,,,,,,,,,,,,,,,,
2014,1,Chaco,5.553671463702625,,,,,,,,,,,,,,,,,
2014,1,Chubut,12.703590133239262,,,,,,,,,,,,,,,,,
2014,1,Córdoba,16.125183143749393,,,,,,,,,,,,,,,,,
2014,1,Corrientes,5.891708288681968,,,,,,,,,,,,,,,,,
2014,1,Entre Ríos,10.302247104839328,,,,,,,,,,,,,,,,,
2014,1,Formosa,4.444467754793774,,,,,,,,,,,,,,,,,
2014,1,Jujuy,4.724302778829112,,,,,,,,,,,,,,,,,
2014,1,La Pampa,15.994061954006705,,,,,,,,,,,,,,,,,
2014,1,La Rioja,4.353174900044055,,,,,,,,,,,,,,,,,
2014,1,Mendoza,8.933318322823283,,,,,,,,,,,,,,,,,
2014,1,Misiones,6.323160981949705,,,,,,,,,,,,,,,,,
2014,1,Neuquén,14.882265766507492,,,,,,,,,,,,,,,,,
2014,1,Río Negro,13.867842232252002,,,,,,,,,,,,,,,,,
2014,1,Salta,6.976877486214764,,,,,,,,,,,,,,,,,
2014,1,San Juan,7.050796578649686,,,,,,,,,,,,,,,,,
2014,1,San Luis,2.684668505334274,,,,,,,,,,,,,,,,,
2014,1,Santa Cruz,8.677326900880571,,,,,,,,,,,,,,,,,
2014,1,Santa Fe,15.077800919408592,,,,,,,,,,,,,,,,,
2014,1,Santiago Del Estero,4.058899015580628,,,,,,,,,,,,,,,,,
2014,1,Tierra Del Fuego,19.10492102645171,,,,,,,,,,,,,,,,,
2014,1,Tucumán,8.307214637543202,,,,,,,,,,,,,,,,,
